# 방탄복. tier 1–5 는 번호 방탄복, tier 0 은 전설 유니크 3벌이다.
# 2026-09-10 — 방탄복은 피해 감소가 아니라 **실드(추가 체력)** 를 준다.
#   shield = 실드 최대치. 피해는 실드를 먼저 비우고 남은 만큼만 체력(100)으로 간다.
#   번호 방탄복은 tables.csv 의 ARMOR_SHIELD_BY_TIER 를 그대로 가리킨다 (20/40/60/80/100).
# 2026-09-16 (사용자 결정) — **유니크 3벌은 신화 방탄복이다**: 실드는 방탄복 V 와 같은 100
#   (=ARMOR_SHIELD_BY_TIER.5) 이고 그 위에 **특성**이 얹히며, 내구도는 700 (방탄복 V 의 600 위) 이다.
#   즉 「전설 방탄복 V 위의 등급」 — 같은 실드를 더 오래 버티면서 퍽 하나를 덤으로 받는다.
#   무게만은 벌마다 다르다: 무게가 곧 그 퍽의 정체성이라 건드리지 않는다 (초경량 1.9 · 광학미채 2.4 · 재생 6.2).
#   옛 「뎀감률 비례 환산」 문단은 여기서 폐기됐다 — damageReduction 열은 이제 아무 뜻도 없고
#   (피해 계산도, 실드 환산도 읽지 않는다) csv 형식상 남은 빈 껍데기다.
# rarity 는 2026-09-10 에 tier 와 1:1 로 맞췄다 (I 일반 · II 고급 · III 희귀 · IV 서사 · V 전설),
#   여기에 2026-09-16 의 신화(유니크 3벌)가 붙는다.
# perk: none | regen | ultralight | optical. perkValue 는 그 퍽의 수치 (재생 = 초당 회복량 등).
# 2026-09-12 (사용자 결정) — description 에 **실드량을 적지 않는다**. 실드는 툴팁이 이미 자기 줄로 보여 주므로
#   설명이 같은 숫자를 두 번 말하고, 숫자를 고칠 때 표와 글이 어긋난다. 유니크 3벌은 설명이 곧 **그 퍽의 효과 문장**이고
#   (툴팁의 `특성` 행이 이 글을 그대로 쓴다), 퍽이 없는 번호 방탄복은 플레이버만 남긴다.
#   같은 결정에서 유니크 이름을 `방탄복 <등급> <특성>` 으로 통일했다 — 목록에서 번호 방탄복 옆에 나란히 읽힌다.
#   2026-09-16: 등급이 전설 → 신화로 올라갔으므로 그 규칙에 따라 이름도 `방탄복 신화 <특성>` 이 됐다 (id 는 그대로).
# durabilityMax 는 판이 버티는 흡수량(실드가 먹은 피해 × ARMOR_DURABILITY_PER_DAMAGE 만큼 닳는다),
#   0 이 되면 파손 = 실드 최대치 0 이고 함선 작업대에서 수리한다. weight 는 kg,
#   가격은 tuning.csv 의 ARMOR_VALUE_* (BASE + shield × SHIELD_MUL + durabilityMax × DUR_MUL) 로 계산된다.
id,name,tier,rarity,damageReduction,shield,weight,durabilityMax,perk,perkValue,color,icon,description
armor_1,방탄복 I,1,common,=ARMOR_DR_BY_TIER.1,=ARMOR_SHIELD_BY_TIER.1,3,200,none,,#8e9299,⛊,경량 케블라 조끼. 얇은 반응 장갑을 덧댔다.
armor_2,방탄복 II,2,uncommon,=ARMOR_DR_BY_TIER.2,=ARMOR_SHIELD_BY_TIER.2,3.8,280,none,,#93a08c,⛊,표준 지급 방탄복. 세라믹 플레이트 한 장이 가슴을 덮는다.
armor_3,방탄복 III,3,rare,=ARMOR_DR_BY_TIER.3,=ARMOR_SHIELD_BY_TIER.3,4.2,380,none,,#6f9d72,🛡,전면·측면 플레이트 캐리어. 기동성과 방호의 절충안.
armor_4,방탄복 IV,4,epic,=ARMOR_DR_BY_TIER.4,=ARMOR_SHIELD_BY_TIER.4,4.5,480,none,,#5b8fd6,🛡,중장갑 캐리어. 목·사타구니 보호대 포함.
armor_5,방탄복 V,5,legendary,=ARMOR_DR_BY_TIER.5,=ARMOR_SHIELD_BY_TIER.5,5.8,600,none,,#a877e8,🛡,외골격 보조 중장갑. 무겁지만 어지간한 일격은 몸에 닿지도 않는다.
armor_regen,방탄복 신화 재생,0,mythic,0.27,=ARMOR_SHIELD_BY_TIER.5,6.2,700,regen,1,#ff9f6b,✚,스태미나가 가득할 때 초당 체력 1 회복.
armor_ultralight,방탄복 신화 초경량,0,mythic,0.1,=ARMOR_SHIELD_BY_TIER.5,1.9,700,ultralight,0.18,#ffe08a,❖,이동 속도와 스태미나 회복 속도 18 % 증가.
armor_optical,방탄복 신화 광학미채,0,mythic,0.08,=ARMOR_SHIELD_BY_TIER.5,2.4,700,optical,,#8fe8ff,◊,입고 있는 동안 상시 은폐.
