# 가방. cols × rows 가 격자 크기, quickSlots 가 퀵슬롯 수 (해금 순서는 tables.csv 의 QUICK_SLOT_UNLOCK_ORDER).
# tactical = 전술 조끼 일체형 (아이콘이 달라진다).
# 무게는 1.2 + 칸수 × 0.02 로 자동 계산된다 (bagWeightBase / bagWeightPerCell, tuning.csv).
# durabilityMax = 최대 내구도. 레이드 1회마다 장착 가방이 BAG_DURABILITY_PER_RAID(constants.csv)만큼 닳는다 — 0 이어도 격자는 그대로이고 수리비만 크다.
# 2026-09-12 (사용자 결정): 가방은 전부 **가로 5칸 · 세로로 길다**. 옛 칸 수(cols×6)를 5의 배수로 반올림했다
#   (고급 36→35 · 희귀 48→50 · 서사 54→55 · 희귀 전술 42→40 · 서사 전술 48→50 · 전설 전술 54→55). 가장 긴 가방(전설 5×12)이
#   인벤토리 화면의 가방 틀 높이를 정한다 — 이 표에서 rows 를 늘리면 틀도 같이 커진다. 가로 5 는 가장 넓은 아이템(저격소총 5×1)이 정한다.
# 2026-09-12 (사용자 결정) — description 에 **칸 수 · 퀵슬롯 수를 적지 않는다**. 툴팁이 그 둘을 자기 줄로 이미 보여 주고,
#   거기에 「소지 한계 +N kg」 줄이 더해진다 (BAG_CAPACITY_PER_CELL, tuning.csv). 설명은 플레이버만 맡는다.
id,name,rarity,value,cols,rows,quickSlots,tactical,durabilityMax,description
bag_common,일반 가방,common,120,5,6,2,,100,표준 지급 배낭.
bag_uncommon,고급 가방,uncommon,260,5,7,3,,100,보강된 배낭. 봉제선을 두 번 박았다.
bag_rare,희귀 가방,rare,520,5,10,4,,100,군용 대형 배낭. 원정 하나를 통째로 지고 다닌다.
bag_epic,서사 가방,epic,980,5,11,5,,100,특수부대용 배낭. 가벼운 골격이 무게를 어깨로 흘린다.
bag_legendary,전설 가방,legendary,1800,5,12,6,,100,헬다이버 원정용 배낭. 들어가지 않는 것이 없다.
bag_rare_tac,희귀 전술 가방,rare,560,5,8,7,true,100,전술 조끼 일체형. 손이 닿는 자리에 전부 달았다.
bag_epic_tac,서사 전술 가방,epic,1050,5,10,8,true,100,전술 조끼 일체형. 격자와 파우치를 함께 늘렸다.
bag_legendary_tac,전설 전술 가방,legendary,1950,5,11,8,true,100,전술 조끼 일체형. 몸에 붙어 흔들리지 않는다.
