# 암호화폐 (2026-09-13, docs/DECISIONS.md 「2026-09-13 — 가구 접근 면 · 발전기 · 암호화폐 채굴」). id 는 코드 · 세이브 · 서버 시세가 찾는 값이므로 바꾸지 않는다 (소문자 · 숫자 · _ 만).
# corp · unlockQuest 가 비면 처음부터 열려 있다. unlockQuest 는 data/npc_quests.csv 의 id — 그 NPC 퀘스트를 완료해야 채굴 · 매매할 수 있다 (차트는 늘 보인다).
# 2026-09-14: 기업 퀘스트 폐지로 해금 퀘스트가 기업 임원 NPC 의 채굴 인가 퀘스트(q_*_permit)로 옮겨 갔다 — 옛 hx_crypto 등의 해금 기록은 이어지지 않는다.
# cycleHours = 코어 1개일 때 채굴 주기(실시간 시간). 코어가 하나 늘 때마다 tuning.csv 의 COMPUTE_CORE_TIME_MUL 을 곱한다.
# yieldUnits = 주기 한 번에 지갑에 들어오는 단위 수 (CRYPTO_UNITS_PER_COIN 단위 = 코인 1개).
# basePrice = 코인 1개의 기준 시세(크레딧). 서버 시세는 이 값 근처를 떠돈다. volatility = 하루 표준편차(비율).
id,name,ticker,corp,unlockQuest,color,glyph,cycleHours,yieldUnits,basePrice,volatility,description
scrap,스크랩코인,SCRP,,,#b0b8c4,◍,12,40,1800,0.04,폐선 구역의 채굴 조합이 굴리는 가장 흔한 코인. 시세가 얌전하다.
volt,볼트,VOLT,,,#ffd166,ϟ,16,30,3200,0.07,함선 발전 설비 거래에 쓰이는 결제 코인.
pulse,펄스,PULS,,,#8fe8ff,◉,24,21,6000,0.10,외곽 항로 통신망의 대역폭을 담보로 한 코인.
void,보이드,VOID,,,#c79fff,◐,36,17,11000,0.16,출처를 알 수 없는 익명 코인. 시세가 크게 출렁인다.
helix,헬릭스 토큰,HLXT,helix,q_hx_permit,#ff8a5c,⚒,20,30,5200,0.08,헬릭스 방산의 탄약 선물 거래에 쓰이는 토큰.
bastion,바스티온 본드,BSTN,bastion,q_bs_permit,#7fb4ff,▣,28,24,8200,0.06,바스티온 중공업의 설비 채권을 쪼갠 코인. 느리지만 단단하다.
nomad,노마드 마일,NMDM,nomad,q_nm_permit,#d9b96a,✈,18,36,3600,0.09,노마드 장비의 원정 마일리지를 코인으로 바꾼 것.
ceres,세레스 셀,CRSC,ceres,q_ce_permit,#6ee7a8,✚,32,20,11500,0.12,세레스 바이오의 임상 데이터 지분 코인.
