# 정보상(레이븐)이 파는 「행성 정보」 = 그 레이드의 기믹 고정 (2026-09-14, src/meta/README.md Decisions).
# id 는 shared/intel.ts 의 IntelGimmick 이므로 바꾸지 않는다 — 세이브 · 와이어 · 크레딧 사유에 실린다.
# 단계(tier) → 실제 보너스의 대응은 **코드**에 있다 (shared/intel.ts 의 resolveIntelEffects) — 「탈출구 +2」 라고 써 놓고
#   다른 수를 주면 화면이 거짓말을 하므로 그 표는 정의이지 밸런스가 아니다. 여기 있는 것은 **값**뿐이다.
# baseCost = 1단계 비용(크레딧). 단계가 오르면 tables.csv 의 INTEL_TIER_COST_MUL 이 곱해지고,
#   여러 줄을 고정하면 tuning.csv 의 INTEL_BUNDLE_COST_MUL^(줄 수−1) 이, 행성에 따라 INTEL_THREAT_COST_MUL 이 더 곱해진다.
# maxTier = 이 줄에서 고를 수 있는 최대 단계 (1..3). minThreat = 이 줄이 열리는 행성 최소 threat (비우면 1).
# label · effect 는 화면 글자다 — effect 의 {n} 은 그 단계의 보너스 수로 바뀐다.
id,label,effect,baseCost,maxTier,minThreat,note
extraction,탈출 지점,탈출 지점 +{n}개,900,2,,행성 threat 가 높을수록 원래 적게 나온다 — 3 등급에서 가장 값지다
basement,지하 시설,지하실이 있는 연구실 · 전진기지 +{n}개,1400,2,,잠긴 문을 여는 열쇠 · 키카드가 필요하다
hazardDelay,기상 예보,재해 발생까지 +{n}분,1100,3,,모래 폭풍 · 눈보라 · 폭풍의 눈 · 독성 포자 전부에 걸린다
rail,궤도 운행,선로 확정 · 플랫폼 +{n}개,800,1,,선로가 없는 레이드에서는 선로 자체가 생긴다
rover,탐사 차량,탐사 차량 확정 배치,1000,1,,"자연 배치는 constants.csv 의 ROVER_CHANCE(0.6) 확률이고 이 줄은 그것을 확정으로 덮는다 — 실패 시드도 RoadPlan 시도를 늘려 살린다. 요금은 별도"
named,현상 수배,지정한 네임드가 반드시 등장,2600,1,2,threat 2 이상에서만 — 확정 드롭을 노리는 값이라 비싸다
nest,벌레 둥지,벌레 둥지 +{n}개,700,2,,둥지가 많으면 표본 · 재료가 늘고 압박도 늘어난다
