# 적 시체에서 나오는 아이템. chance 1 = 항상, 수량은 qtyMin..qtyMax 에서 뽑는다.
# 2026-09-11 (A-12): 미확인 표본(spec_*)은 **벌레 시체에서만** 나온다 — 로그 · 로그 보스 · 네임드 줄에는
#   일부러 없다 (사용자 결정: 로그는 표본에 관심이 없다). 다른 두 경로는 행성의 표본 채집지와 구조물 컨테이너다.
# 2026-09-16 (표본 전면 개편): 표본이 **3계열 × 6등급 18종**이 되면서 시체 줄도 등급까지 적는다.
#   성격별로: 세포 = 벌레 대부분 · 유전자 = 벌레에서 드물게(구조물 컨테이너가 본업) · 광물 = 돌격 벌레 · 포병 · 베헤모스.
#   등급은 **적의 격**을 따라간다: 잡벌레 I · 포병 / 베헤모스 II · 땅굴벌레 III. 그 위(IV~VI)는 시체에서 나오지 않는다 —
#   서사 이상은 구조물 컨테이너와 **행성 광맥**(광물 한정)의 몫이다.
# ⚠ 2026-09-17 (사용자 결정): hunter · toxic · warrior · artillery · charger · behemoth · sandworm_weak · sandworm 의
#   표본 줄(세포 · 유전자 · 광물)은 **전부 지웠다** — 이 여덟은 미확인 세포만, **개당 등급을 굴려** 떨군다.
#   "여러 등급 중 하나를 개당" 은 이 표의 모양으로 적을 수 없어서 data/loot_corpse_samples.csv 로 옮겼다 (그 표 머리말 참고).
#   scavenger · spewer 의 세포 I · 유전자 I 줄은 그대로다.
# type 은 data/enemies.csv 의 적 종류와 같아야 한다. 줄을 지우면 그 드랍이 사라진다.
type,defId,qtyMin,qtyMax,chance
# scavenger
scavenger,mat_bio_sample,1,3,1
scavenger,terminid_gland,1,1,0.25
scavenger,seed_bloodroot,1,1,0.04
scavenger,seed_ashleaf,1,1,0.02
scavenger,seed_glowcap,1,1,0.006
scavenger,spec_cell_1,1,1,0.10

# hunter
hunter,mat_bio_sample,1,3,1
hunter,terminid_gland,1,1,0.25
hunter,seed_bloodroot,1,1,0.04
hunter,seed_ashleaf,1,1,0.02
hunter,seed_glowcap,1,1,0.006

# warrior
warrior,mat_bio_sample,1,3,1
warrior,terminid_gland,1,1,0.25
warrior,seed_bloodroot,1,1,0.04
warrior,seed_ashleaf,1,1,0.02
warrior,seed_glowcap,1,1,0.006

# spewer
spewer,mat_bio_sample,1,3,1
spewer,terminid_gland,1,1,0.6
spewer,seed_bloodroot,1,1,0.04
spewer,seed_ashleaf,1,1,0.02
spewer,seed_glowcap,1,1,0.006
spewer,spec_cell_1,1,1,0.10
spewer,spec_gene_1,1,1,0.03

# charger
charger,mat_bio_sample,1,3,1
charger,terminid_gland,1,1,0.25
charger,seed_bloodroot,1,1,0.04
charger,seed_ashleaf,1,1,0.02
charger,seed_glowcap,1,1,0.006
charger,mat_alloy,1,2,0.4

# toxic
toxic,mat_bio_sample,1,2,1
toxic,terminid_gland,1,1,0.35
toxic,seed_bloodroot,1,1,0.04
toxic,seed_ashleaf,1,1,0.02
toxic,seed_glowcap,1,1,0.006

# artillery
artillery,mat_bio_sample,2,3,1
artillery,mat_power_cell,1,1,0.5
artillery,seed_bloodroot,1,1,0.04
artillery,seed_ashleaf,1,1,0.02
artillery,seed_glowcap,1,1,0.006

# behemoth
behemoth,mat_alloy,2,4,1
behemoth,terminid_gland,1,2,1
behemoth,alien_artifact,1,1,0.3
behemoth,seed_bloodroot,1,1,0.04
behemoth,seed_ashleaf,1,1,0.02
behemoth,seed_glowcap,1,1,0.006

# rogue — 실드 충전기는 로그가 붕대와 함께 들고 다니는 완제품이고, 구동 코어는 그 장비에서 뜯어낸 잡템이다 (2026-09-10)
# 2026-09-13 (팩션 전리품): 붕대 · 실드 충전기 · 주사 줄은 loot_factions.csv 의 **회복 굴림 하나**로, 고폭 수류탄 20 % 줄은
#   **던지지 못하고 남은 보유분**(종류 · 개수 그대로 — 굴림 없음)으로 옮겼다. 여기에는 잡템 · 열쇠만 남는다.
rogue,mat_machine_parts,1,1,0.12
rogue,mat_core,1,2,0.3
# 2026-09-12 (C): 소모형 만능 열쇠 — 구조물을 뒤지던 로그가 가끔 쥐고 있다 (아주 드물게)
rogue,key_basement,1,1,0.008
rogue,keycard_lab,1,1,0.008

# android — 2026-09-13 행성 threat 1 의 인간형. 뜯어낼 수 있는 전자 부품 잡템만 — 회복은 loot_factions.csv 의 실드 충전기 굴림,
#   방탄복 · 가방 · 수류탄 · 열쇠 · 서적 · 임플란트 없음.
android,mat_core,1,2,0.45
android,mat_cable,1,2,0.3
android,mat_power_cell,1,1,0.12
android,mat_circuit,1,1,0.08
# 2026-09-16 (채광 개편): 안드로이드의 프로세서 0.2 % 줄을 지웠다 — 프로세서는 이제 채굴 사슬에서만 나온다.

# raider — 2026-09-13 행성 threat 2–3. 로그보다 조금 넉넉한 잡템 + 탄을 손으로 채우던 화약. 회복 · 방탄복 · 가방은
#   loot_factions.csv, 연구소 · 전진기지 보너스는 loot_faction_sites.csv.
raider,mat_machine_parts,1,2,0.18
raider,mat_core,1,2,0.35
raider,mat_gunpowder,2,5,0.15
raider,key_basement,1,1,0.01
raider,keycard_lab,1,1,0.01

# rogue_boss
rogue_boss,heal_bandage,1,2,1
rogue_boss,shield_charger,1,2,0.7
rogue_boss,shield_charger_hi,1,1,0.3
rogue_boss,shield_charger_full,1,1,0.08
rogue_boss,boost_adrenaline,1,1,0.4
rogue_boss,boost_stimulant,1,1,0.25
rogue_boss,boost_stabilizer,1,1,0.1
rogue_boss,mat_machine_parts,1,2,0.6
rogue_boss,mat_core,1,3,0.8
rogue_boss,key_basement,1,1,0.03
rogue_boss,keycard_lab,1,1,0.03

# 2026-09-11 네임드 로그 (shared/named.ts) — rogue_boss 수준의 일반 전리품. 확정 드롭(저격소총 · 방탄복 · 미니건)은
# 여기가 아니라 loot_named.csv 이고, 이 표를 다 굴린 **뒤에** 따로 굴린다. rogue · rogue_boss 줄은 건드리지 않았다.
# rogue_sniper — 로든. 스캔 드론을 부리던 저격수라 공중 드론 조종기를 가끔 들고 있다.
rogue_sniper,heal_bandage,1,2,1
rogue_sniper,shield_charger,1,2,0.7
rogue_sniper,shield_charger_hi,1,1,0.3
rogue_sniper,shield_charger_full,1,1,0.08
rogue_sniper,boost_stimulant,1,2,0.45
rogue_sniper,boost_stabilizer,1,1,0.15
rogue_sniper,mat_machine_parts,1,2,0.6
rogue_sniper,mat_core,1,3,0.8
rogue_sniper,gad_drone_air,1,1,0.2
rogue_sniper,key_basement,1,1,0.05
rogue_sniper,keycard_lab,1,1,0.05

# rogue_hammer — 타길라. 총이 없는 근접 거한이라 탄 대신 회복 · 수류탄 · 원격 지뢰를 챙긴다.
rogue_hammer,heal_bandage,1,2,1
rogue_hammer,heal_syringe,1,1,0.35
rogue_hammer,shield_charger,1,2,0.7
rogue_hammer,shield_charger_hi,1,1,0.4
rogue_hammer,shield_charger_full,1,1,0.1
rogue_hammer,boost_adrenaline,1,2,0.5
rogue_hammer,boost_stabilizer,1,1,0.15
rogue_hammer,grenade_frag,1,2,0.5
rogue_hammer,mat_alloy,1,3,0.5
rogue_hammer,mat_machine_parts,1,2,0.6
rogue_hammer,mat_core,1,3,0.8
rogue_hammer,gad_remote_mine,1,3,0.35
rogue_hammer,key_basement,1,1,0.05
rogue_hammer,keycard_lab,1,1,0.05

# rogue_heavy — 헤비. 탄띠를 손으로 이어 붙이던 화약 · 기계 부품이 남는다.
rogue_heavy,heal_bandage,1,2,1
rogue_heavy,shield_charger,1,2,0.7
rogue_heavy,shield_charger_hi,1,1,0.3
rogue_heavy,shield_charger_full,1,1,0.08
rogue_heavy,boost_adrenaline,1,1,0.3
rogue_heavy,boost_stimulant,1,1,0.2
rogue_heavy,boost_stabilizer,1,1,0.15
rogue_heavy,mat_gunpowder,6,14,0.6
rogue_heavy,mat_machine_parts,2,3,0.7
rogue_heavy,mat_core,1,3,0.8
rogue_heavy,gad_remote_mine,1,2,0.2
rogue_heavy,gad_drone_ground,1,1,0.15
rogue_heavy,key_basement,1,1,0.05
rogue_heavy,keycard_lab,1,1,0.05

# rogue_scan_drone — 로든의 스캔 드론. CORPSE_LOOT_CHANCE 가 0 이라 애초에 수색되지 않는다.
# 표가 없으면 "모르는 적 = 생체 조직 1" 로 떨어지므로 확률 0 한 줄로 **빈 결과**를 못박아 둔다.
rogue_scan_drone,mat_circuit,1,1,0

# sandworm — 땅굴벌레 (2026-09-13, 보스급). CORPSE_LOOT_CHANCE 1 = 늘 수색된다. 은퇴 아이템은 쓰지 않는다 (npm run data:check 가 잡는다).
# 2026-09-17: 표본은 data/loot_corpse_samples.csv (세포 3–4 개, 개당 III 40 % / IV 60 %).
sandworm,mat_bio_sample,6,10,1
sandworm,terminid_gland,2,4,1
sandworm,mat_extract_bio,1,2,0.4
sandworm,alien_artifact,1,1,0.5
sandworm,seed_glowcap,1,1,0.15

# sandworm_weak — 어린 땅굴벌레 (2026-09-15, 위협 1). 성체보다 작은 표. 표본은 data/loot_corpse_samples.csv (세포 3–4 개, 개당 II 60 % / III 40 %). 늘 수색된다 (CORPSE_LOOT_CHANCE 1).
sandworm_weak,mat_bio_sample,3,5,1
sandworm_weak,terminid_gland,1,2,1
sandworm_weak,mat_extract_bio,1,1,0.25

# ── 2026-09-14 3차: 튜토리얼 전용 4종 (data/enemies.csv 의 tut_* 줄) ──────────────────────────────────
# 튜토리얼은 **굴림이 없다** — 가르치려는 물건만 정확히 나온다. 그래서 chance 는 1 아니면 0 뿐이다.
#   tut_bug_loot     = 생체 조직 1 · 터미니드 분비선 1 (100 %). 씨앗 · 미확인 세포는 일부러 없다.
#   tut_android_loot = 전력 케이블 1 (100 %) + 들고 있던 **돌격소총**과 준중량탄 한 스택 (loot_corpse_rolls.csv 의 tut_android_loot 줄).
#   tut_bug · tut_android = 빈 시체. CORPSE_LOOT_CHANCE 0 이라 애초에 수색되지 않지만, 표가 없으면
#     "모르는 적 = 생체 조직 1" 로 떨어지므로 rogue_scan_drone 과 같은 요령으로 확률 0 한 줄을 못박아 둔다.
tut_bug_loot,mat_bio_sample,1,1,1
tut_bug_loot,terminid_gland,1,1,1
tut_bug,mat_bio_sample,1,1,0
tut_android_loot,mat_cable,1,1,1
tut_android,mat_cable,1,1,0

