# 행성 5곳. id · biome · sky 는 코드가 찾는 값이므로 바꾸지 않는다 (biome 은 world/biomes, sky 는 core/Sky).
# threat 1–3 은 터미널 뱃지일 뿐이고 실제 압박은 pressure · rogues · max* 가 만든다.
# fog false = 포그 없는 맑은 하늘, fogMul 은 하늘 팔레트 자체 포그 농도의 배수다.
# hologram / hologramAtmo 는 터미널 홀로그램 구체와 대기층 색(0xRRGGBB).
# bugs 는 "적종류:가중치" 를 | 로 이어 쓴다 (data/enemies.csv 의 type). herbs 도 "약초아이템id:가중치".
# pressure = 상시 개체수 상한 배수, rogues = 로그 밀도 배수(0 = 로그 없음), boss = 보스 분대 확정 배치.
# gatherDensity = 채집 노드 수 배수.
id,name,terrain,threat,biome,sky,fog,fogMul,hologram,hologramAtmo,bugs,pressure,rogues,boss,maxArtillery,maxBehemoth,herbs,gatherDensity,brief
amber,아켈론 II,호박빛 사막,1,amber,amber-dusk,true,1,0xb89a68,0xffc98a,scavenger:4|hunter:2|warrior:1|artillery:1,0.85,1.4,true,1,0,herb_ashleaf:3|herb_bloodroot:1|herb_glowcap:0.5,0.7,모래에 묻힌 채굴 전초. 벌레는 드물지만 약탈자 거점이 촘촘하다.
tundra,보레아스 IX,동토 툰드라,2,tundra,cold-blue,true,1.15,0xcbd0cc,0x9ad8ff,scavenger:3|hunter:4|charger:2|warrior:2,1,0.8,false,1,1,herb_bloodroot:2|herb_ashleaf:2|herb_glowcap:1,0.9,얼어붙은 평원. 무리 사냥꾼이 시야 밖에서 달려든다.
mossy,베르단트 III,이끼 습지,2,mossy,toxic-green,true,1.3,0x66683c,0x5affb0,scavenger:4|spewer:3|toxic:3|warrior:2|hunter:1,1.15,0.6,false,1,1,herb_bloodroot:3|herb_glowcap:3|herb_ashleaf:1,1.5,포자로 뿌연 습지. 산성 개체가 많고 약초가 무성하다.
ashen,피로스 VII,잿빛 화산지대,3,ashen,rust-storm,true,1.25,0x4c4c4e,0xff7a1a,scavenger:3|warrior:3|charger:3|behemoth:1|artillery:2,1.2,1,true,3,2,herb_ashleaf:3|herb_glowcap:1,0.6,재가 내리는 용암 지대. 중장갑 개체와 포격이 상시 압박한다.
crimson,카민 I,적색 외계 평원,3,crimson,pale-noon,false,1,0x8e3c4c,0xff5ad0,scavenger:2|hunter:3|spewer:2|warrior:2|artillery:2,0.9,1.6,true,2,1,herb_glowcap:4|herb_bloodroot:2,1,"포그 없는 맑은 하늘 — 멀리까지 보이고, 저쪽에서도 이쪽이 보인다."
